fixture_id,referee,timezone,date,timestamp,status_long,status_short,elapsed,league_id,league_name,country,season,round,home_team_id,home_team_name,away_team_id,away_team_name,goals_home,goals_away,score_halftime_home,score_halftime_away,score_fulltime_home,score_fulltime_away
1208494,Alejandro Muñiz,UTC,2024-08-15T17:00:00+00:00,1723741200,Match Finished,FT,90,140,La Liga,Spain,2024,Regular Season - 1,531,Athletic Club,546,Getafe,1,1,1,0,1,1
1208495,Miguel Ortiz,UTC,2024-08-15T19:30:00+00:00,1723750200,Match Finished,FT,90,140,La Liga,Spain,2024,Regular Season - 1,543,Real Betis,547,Girona,1,1,1,0,1,1
1208501,Alejandro Quintero,UTC,2024-08-16T17:00:00+00:00,1723827600,Match Finished,FT,90,140,La Liga,Spain,2024,Regular Season - 1,538,Celta Vigo,542,Alaves,2,1,0,1,2,1
1208497,Francisco Hernández,UTC,2024-08-16T19:30:00+00:00,1723836600,Match Finished,FT,90,140,La Liga,Spain,2024,Regular Season - 1,534,Las Palmas,536,Sevilla,2,2,1,1,2,2
1208502,Juan Pulido,UTC,2024-08-17T17:00:00+00:00,1723914000,Match Finished,FT,90,140,La Liga,Spain,2024,Regular Season - 1,727,Osasuna,537,Leganes,1,1,0,1,1,1
1208499,José Sánchez,UTC,2024-08-17T19:30:00+00:00,1723923000,Match Finished,FT,90,140,La Liga,Spain,2024,Regular Season - 1,532,Valencia,529,Barcelona,1,2,1,1,1,2
1208500,Alejandro Hernández,UTC,2024-08-18T17:00:00+00:00,1724000400,Match Finished,FT,90,140,La Liga,Spain,2024,Regular Season - 1,548,Real Sociedad,728,Rayo Vallecano,1,2,0,0,1,2
1208496,César Soto,UTC,2024-08-18T19:30:00+00:00,1724009400,Match Finished,FT,90,140,La Liga,Spain,2024,Regular Season - 1,798,Mallorca,541,Real Madrid,1,1,0,1,1,1
1212910,Pablo González,UTC,2024-08-19T17:00:00+00:00,1724086800,Match Finished,FT,90,140,La Liga,Spain,2024,Regular Season - 1,720,Valladolid,540,Espanyol,1,0,1,0,1,0
1208498,Guillermo Cuadra,UTC,2024-08-19T19:30:00+00:00,1724095800,Match Finished,FT,90,140,La Liga,Spain,2024,Regular Season - 1,533,Villarreal,530,Atletico Madrid,2,2,2,2,2,2
1208504,José Munuera,UTC,2024-08-23T17:00:00+00:00,1724432400,Match Finished,FT,90,140,La Liga,Spain,2024,Regular Season - 2,538,Celta Vigo,532,Valencia,3,1,2,1,3,1
1208507,Isidro Díaz de Mera,UTC,2024-08-23T19:30:00+00:00,1724441400,Match Finished,FT,90,140,La Liga,Spain,2024,Regular Season - 2,536,Sevilla,533,Villarreal,1,2,1,1,1,2
1208511,Adrián Cordero,UTC,2024-08-24T15:00:00+00:00,1724511600,Match Finished,FT,90,140,La Liga,Spain,2024,Regular Season - 2,727,Osasuna,798,Mallorca,1,0,0,0,1,0
1208510,Gil Manzano,UTC,2024-08-24T17:00:00+00:00,1724518800,Match Finished,FT,90,140,La Liga,Spain,2024,Regular Season - 2,529,Barcelona,531,Athletic Club,2,1,1,1,2,1
1208505,Javier Alberola,UTC,2024-08-24T19:30:00+00:00,1724527800,Match Finished,FT,90,140,La Liga,Spain,2024,Regular Season - 2,546,Getafe,728,Rayo Vallecano,0,0,0,0,0,0
1212911,Mario Melero,UTC,2024-08-24T19:30:00+00:00,1724527800,Match Finished,FT,90,140,La Liga,Spain,2024,Regular Season - 2,540,Espanyol,548,Real Sociedad,0,1,0,0,0,1
1208506,Víctor García,UTC,2024-08-25T15:00:00+00:00,1724598000,Match Finished,FT,90,140,La Liga,Spain,2024,Regular Season - 2,541,Real Madrid,720,Valladolid,3,0,0,0,3,0
1208509,Ricardo De Burgos,UTC,2024-08-25T17:00:00+00:00,1724605200,Match Finished,FT,90,140,La Liga,Spain,2024,Regular Season - 2,537,Leganes,534,Las Palmas,2,1,0,0,2,1
1208508,Mateo Busquets,UTC,2024-08-25T17:15:00+00:00,1724606100,Match Finished,FT,90,140,La Liga,Spain,2024,Regular Season - 2,542,Alaves,543,Real Betis,0,0,0,0,0,0
1208503,Juan Martínez,UTC,2024-08-25T19:30:00+00:00,1724614200,Match Finished,FT,90,140,La Liga,Spain,2024,Regular Season - 2,530,Atletico Madrid,547,Girona,3,0,1,0,3,0
1208518,Miguel Ortiz,UTC,2024-08-26T19:30:00+00:00,1724700600,Match Finished,FT,90,140,La Liga,Spain,2024,Regular Season - 3,533,Villarreal,538,Celta Vigo,4,3,1,2,4,3
1208515,Alejandro Muñiz,UTC,2024-08-27T17:00:00+00:00,1724778000,Match Finished,FT,90,140,La Liga,Spain,2024,Regular Season - 3,798,Mallorca,536,Sevilla,0,0,0,0,0,0
1208517,César Soto,UTC,2024-08-27T19:30:00+00:00,1724787000,Match Finished,FT,90,140,La Liga,Spain,2024,Regular Season - 3,728,Rayo Vallecano,529,Barcelona,1,2,1,0,1,2
1208512,Pablo González,UTC,2024-08-28T17:00:00+00:00,1724864400,Match Finished,FT,90,140,La Liga,Spain,2024,Regular Season - 3,531,Athletic Club,532,Valencia,1,0,1,0,1,0
1208520,Alejandro Quintero,UTC,2024-08-28T17:00:00+00:00,1724864400,Match Finished,FT,90,140,La Liga,Spain,2024,Regular Season - 3,720,Valladolid,537,Leganes,0,0,0,0,0,0
1208519,José Sánchez,UTC,2024-08-28T19:30:00+00:00,1724873400,Match Finished,FT,90,140,La Liga,Spain,2024,Regular Season - 3,548,Real Sociedad,542,Alaves,1,2,1,1,1,2
1212912,Ricardo De Burgos,UTC,2024-08-28T19:30:00+00:00,1724873400,Match Finished,FT,90,140,La Liga,Spain,2024,Regular Season - 3,530,Atletico Madrid,540,Espanyol,0,0,0,0,0,0
1208514,Francisco Hernández,UTC,2024-08-29T17:00:00+00:00,1724950800,Match Finished,FT,90,140,La Liga,Spain,2024,Regular Season - 3,547,Girona,727,Osasuna,4,0,1,0,4,0
1208516,Mateo Busquets,UTC,2024-08-29T19:30:00+00:00,1724959800,Match Finished,FT,90,140,La Liga,Spain,2024,Regular Season - 3,534,Las Palmas,541,Real Madrid,1,1,1,0,1,1
1208522,Isidro Díaz de Mera,UTC,2024-08-31T15:00:00+00:00,1725116400,Match Finished,FT,90,140,La Liga,Spain,2024,Regular Season - 4,529,Barcelona,720,Valladolid,7,0,3,0,7,0
1208521,Alejandro Hernández,UTC,2024-08-31T17:00:00+00:00,1725123600,Match Finished,FT,90,140,La Liga,Spain,2024,Regular Season - 4,531,Athletic Club,530,Atletico Madrid,0,1,0,0,0,1
1212913,Adrián Cordero,UTC,2024-08-31T17:15:00+00:00,1725124500,Match Finished,FT,90,140,La Liga,Spain,2024,Regular Season - 4,540,Espanyol,728,Rayo Vallecano,2,1,1,1,2,1
1208524,Gil Manzano,UTC,2024-08-31T19:30:00+00:00,1725132600,Match Finished,FT,90,140,La Liga,Spain,2024,Regular Season - 4,532,Valencia,533,Villarreal,1,1,1,1,1,1
1208526,Mario Melero,UTC,2024-08-31T19:30:00+00:00,1725132600,Match Finished,FT,90,140,La Liga,Spain,2024,Regular Season - 4,537,Leganes,798,Mallorca,0,1,0,1,0,1
1208525,Víctor García,UTC,2024-09-01T15:00:00+00:00,1725202800,Match Finished,FT,90,140,La Liga,Spain,2024,Regular Season - 4,542,Alaves,534,Las Palmas,2,0,1,0,2,0
1208528,Juan Martínez,UTC,2024-09-01T15:00:00+00:00,1725202800,Match Finished,FT,90,140,La Liga,Spain,2024,Regular Season - 4,727,Osasuna,538,Celta Vigo,3,2,2,1,3,2
1208529,José Sánchez,UTC,2024-09-01T17:00:00+00:00,1725210000,Match Finished,FT,90,140,La Liga,Spain,2024,Regular Season - 4,536,Sevilla,547,Girona,0,2,0,1,0,2
1208523,José Munuera,UTC,2024-09-01T17:15:00+00:00,1725210900,Match Finished,FT,90,140,La Liga,Spain,2024,Regular Season - 4,546,Getafe,548,Real Sociedad,0,0,0,0,0,0
1208527,Javier Alberola,UTC,2024-09-01T19:30:00+00:00,1725219000,Match Finished,FT,90,140,La Liga,Spain,2024,Regular Season - 4,541,Real Madrid,543,Real Betis,2,0,0,0,2,0
1208531,Pablo González,UTC,2024-09-13T19:00:00+00:00,1726254000,Match Finished,FT,90,140,La Liga,Spain,2024,Regular Season - 5,543,Real Betis,537,Leganes,2,0,0,0,2,0
1208533,Ricardo De Burgos,UTC,2024-09-14T12:00:00+00:00,1726315200,Match Finished,FT,90,140,La Liga,Spain,2024,Regular Season - 5,798,Mallorca,533,Villarreal,1,2,0,1,1,2
1212914,Juan Pulido,UTC,2024-09-14T14:15:00+00:00,1726323300,Match Finished,FT,90,140,La Liga,Spain,2024,Regular Season - 5,540,Espanyol,542,Alaves,3,2,1,1,3,2
1208536,Mateo Busquets,UTC,2024-09-14T16:30:00+00:00,1726331400,Match Finished,FT,90,140,La Liga,Spain,2024,Regular Season - 5,536,Sevilla,546,Getafe,1,0,1,0,1,0
1208538,Juan Martínez,UTC,2024-09-14T19:00:00+00:00,1726340400,Match Finished,FT,90,140,La Liga,Spain,2024,Regular Season - 5,548,Real Sociedad,541,Real Madrid,0,2,0,0,0,2
1208532,Francisco Hernández,UTC,2024-09-15T12:00:00+00:00,1726401600,Match Finished,FT,90,140,La Liga,Spain,2024,Regular Season - 5,538,Celta Vigo,720,Valladolid,3,1,2,0,3,1
1208535,Alejandro Muñiz,UTC,2024-09-15T14:15:00+00:00,1726409700,Match Finished,FT,90,140,La Liga,Spain,2024,Regular Season - 5,547,Girona,529,Barcelona,1,4,0,2,1,4
1208534,Miguel Ortiz,UTC,2024-09-15T16:30:00+00:00,1726417800,Match Finished,FT,90,140,La Liga,Spain,2024,Regular Season - 5,534,Las Palmas,531,Athletic Club,2,3,0,2,2,3
1208530,César Soto,UTC,2024-09-15T19:00:00+00:00,1726426800,Match Finished,FT,90,140,La Liga,Spain,2024,Regular Season - 5,530,Atletico Madrid,532,Valencia,3,0,1,0,3,0
1208537,Alejandro Quintero,UTC,2024-09-16T19:00:00+00:00,1726513200,Match Finished,FT,90,140,La Liga,Spain,2024,Regular Season - 5,728,Rayo Vallecano,727,Osasuna,3,1,0,1,3,1
1208550,Adrián Cordero,UTC,2024-09-17T17:00:00+00:00,1726592400,Match Finished,FT,90,140,La Liga,Spain,2024,Regular Season - 7,798,Mallorca,548,Real Sociedad,1,0,1,0,1,0
1208513,Juan Pulido,UTC,2024-09-18T17:00:00+00:00,1726678800,Match Finished,FT,90,140,La Liga,Spain,2024,Regular Season - 3,543,Real Betis,546,Getafe,2,1,0,0,2,1
1208552,Francisco Hernández,UTC,2024-09-19T17:00:00+00:00,1726765200,Match Finished,FT,90,140,La Liga,Spain,2024,Regular Season - 7,537,Leganes,531,Athletic Club,0,2,0,0,0,2
1208542,Javier Alberola,UTC,2024-09-20T19:00:00+00:00,1726858800,Match Finished,FT,90,140,La Liga,Spain,2024,Regular Season - 6,542,Alaves,536,Sevilla,2,1,1,0,2,1
1208546,Guillermo Cuadra,UTC,2024-09-21T12:00:00+00:00,1726920000,Match Finished,FT,90,140,La Liga,Spain,2024,Regular Season - 6,720,Valladolid,548,Real Sociedad,0,0,0,0,0,0
1208547,Isidro Díaz de Mera,UTC,2024-09-21T14:15:00+00:00,1726928100,Match Finished,FT,90,140,La Liga,Spain,2024,Regular Season - 6,727,Osasuna,534,Las Palmas,2,1,1,1,2,1
1208545,Alejandro Hernández,UTC,2024-09-21T16:30:00+00:00,1726936200,Match Finished,FT,90,140,La Liga,Spain,2024,Regular Season - 6,532,Valencia,547,Girona,2,0,0,0,2,0
1212915,José Munuera,UTC,2024-09-21T19:00:00+00:00,1726945200,Match Finished,FT,90,140,La Liga,Spain,2024,Regular Season - 6,541,Real Madrid,540,Espanyol,4,1,0,0,4,1
1208541,Adrián Cordero,UTC,2024-09-22T12:00:00+00:00,1727006400,Match Finished,FT,90,140,La Liga,Spain,2024,Regular Season - 6,546,Getafe,537,Leganes,1,1,0,0,1,1
1208539,José Sánchez,UTC,2024-09-22T14:15:00+00:00,1727014500,Match Finished,FT,90,140,La Liga,Spain,2024,Regular Season - 6,531,Athletic Club,538,Celta Vigo,3,1,2,1,3,1
1208544,Mateo Busquets,UTC,2024-09-22T16:30:00+00:00,1727022600,Match Finished,FT,90,140,La Liga,Spain,2024,Regular Season - 6,533,Villarreal,529,Barcelona,1,5,1,2,1,5
1208543,Mario Melero,UTC,2024-09-22T19:00:00+00:00,1727031600,Match Finished,FT,90,140,La Liga,Spain,2024,Regular Season - 6,728,Rayo Vallecano,530,Atletico Madrid,1,1,1,0,1,1
1208540,Víctor García,UTC,2024-09-23T19:00:00+00:00,1727118000,Match Finished,FT,90,140,La Liga,Spain,2024,Regular Season - 6,543,Real Betis,798,Mallorca,1,2,1,1,1,2
1208551,Juan Pulido,UTC,2024-09-24T17:00:00+00:00,1727197200,Match Finished,FT,90,140,La Liga,Spain,2024,Regular Season - 7,536,Sevilla,720,Valladolid,2,1,1,0,2,1
1208555,Miguel Ortiz,UTC,2024-09-24T17:00:00+00:00,1727197200,Match Finished,FT,90,140,La Liga,Spain,2024,Regular Season - 7,532,Valencia,727,Osasuna,0,0,0,0,0,0
1208556,Alejandro Muñiz,UTC,2024-09-24T19:00:00+00:00,1727204400,Match Finished,FT,90,140,La Liga,Spain,2024,Regular Season - 7,541,Real Madrid,542,Alaves,3,2,2,0,3,2
1208549,Juan Martínez,UTC,2024-09-25T17:00:00+00:00,1727283600,Match Finished,FT,90,140,La Liga,Spain,2024,Regular Season - 7,547,Girona,728,Rayo Vallecano,0,0,0,0,0,0
1208548,Pablo González,UTC,2024-09-25T19:00:00+00:00,1727290800,Match Finished,FT,90,140,La Liga,Spain,2024,Regular Season - 7,529,Barcelona,546,Getafe,1,0,1,0,1,0
1208554,José Sánchez,UTC,2024-09-26T17:00:00+00:00,1727370000,Match Finished,FT,90,140,La Liga,Spain,2024,Regular Season - 7,534,Las Palmas,543,Real Betis,1,1,1,1,1,1
1212916,Alejandro Quintero,UTC,2024-09-26T17:00:00+00:00,1727370000,Match Finished,FT,90,140,La Liga,Spain,2024,Regular Season - 7,540,Espanyol,533,Villarreal,1,2,1,1,1,2
1208553,Víctor García,UTC,2024-09-26T19:00:00+00:00,1727377200,Match Finished,FT,90,140,La Liga,Spain,2024,Regular Season - 7,538,Celta Vigo,530,Atletico Madrid,0,1,0,0,0,1
1208562,José Munuera,UTC,2024-09-27T19:00:00+00:00,1727463600,Match Finished,FT,90,140,La Liga,Spain,2024,Regular Season - 8,720,Valladolid,798,Mallorca,1,2,0,0,1,2
1208564,Isidro Díaz de Mera,UTC,2024-09-28T12:00:00+00:00,1727524800,Match Finished,FT,90,140,La Liga,Spain,2024,Regular Season - 8,546,Getafe,542,Alaves,2,0,1,0,2,0
1208565,Alejandro Muñiz,UTC,2024-09-28T14:15:00+00:00,1727532900,Match Finished,FT,90,140,La Liga,Spain,2024,Regular Season - 8,728,Rayo Vallecano,537,Leganes,1,1,1,0,1,1
1208560,Javier Alberola,UTC,2024-09-28T16:30:00+00:00,1727541000,Match Finished,FT,90,140,La Liga,Spain,2024,Regular Season - 8,548,Real Sociedad,532,Valencia,3,0,1,0,3,0
1208561,Guillermo Cuadra,UTC,2024-09-28T19:00:00+00:00,1727550000,Match Finished,FT,90,140,La Liga,Spain,2024,Regular Season - 8,727,Osasuna,529,Barcelona,4,2,2,0,4,2
1208559,Ricardo De Burgos,UTC,2024-09-29T12:00:00+00:00,1727611200,Match Finished,FT,90,140,La Liga,Spain,2024,Regular Season - 8,538,Celta Vigo,547,Girona,1,1,0,1,1,1
1208557,César Soto,UTC,2024-09-29T14:15:00+00:00,1727619300,Match Finished,FT,90,140,La Liga,Spain,2024,Regular Season - 8,531,Athletic Club,536,Sevilla,1,1,1,0,1,1
1212917,Alejandro Hernández,UTC,2024-09-29T16:30:00+00:00,1727627400,Match Finished,FT,90,140,La Liga,Spain,2024,Regular Season - 8,543,Real Betis,540,Espanyol,1,0,0,0,1,0
1208558,Mateo Busquets,UTC,2024-09-29T19:00:00+00:00,1727636400,Match Finished,FT,90,140,La Liga,Spain,2024,Regular Season - 8,530,Atletico Madrid,541,Real Madrid,1,1,0,0,1,1
1208563,Mario Melero,UTC,2024-09-30T19:00:00+00:00,1727722800,Match Finished,FT,90,140,La Liga,Spain,2024,Regular Season - 8,533,Villarreal,534,Las Palmas,3,1,1,0,3,1
1208569,Alejandro Quintero,UTC,2024-10-04T19:00:00+00:00,1728068400,Match Finished,FT,90,140,La Liga,Spain,2024,Regular Season - 9,537,Leganes,532,Valencia,0,0,0,0,0,0
1212918,Francisco Hernández,UTC,2024-10-05T12:00:00+00:00,1728129600,Match Finished,FT,90,140,La Liga,Spain,2024,Regular Season - 9,540,Espanyol,798,Mallorca,2,1,1,0,2,1
1208566,José Sánchez,UTC,2024-10-05T14:15:00+00:00,1728137700,Match Finished,FT,90,140,La Liga,Spain,2024,Regular Season - 9,546,Getafe,727,Osasuna,1,1,1,0,1,1
1208573,Adrián Cordero,UTC,2024-10-05T16:30:00+00:00,1728145800,Match Finished,FT,90,140,La Liga,Spain,2024,Regular Season - 9,534,Las Palmas,538,Celta Vigo,0,1,0,1,0,1
1208574,Pablo González,UTC,2024-10-05T16:30:00+00:00,1728145800,Match Finished,FT,90,140,La Liga,Spain,2024,Regular Season - 9,720,Valladolid,728,Rayo Vallecano,1,2,0,0,1,2
1208567,Guillermo Cuadra,UTC,2024-10-05T19:00:00+00:00,1728154800,Match Finished,FT,90,140,La Liga,Spain,2024,Regular Season - 9,541,Real Madrid,533,Villarreal,2,0,1,0,2,0
1208570,Juan Pulido,UTC,2024-10-06T12:00:00+00:00,1728216000,Match Finished,FT,90,140,La Liga,Spain,2024,Regular Season - 9,547,Girona,531,Athletic Club,2,1,1,1,2,1
1208568,Miguel Ortiz,UTC,2024-10-06T14:15:00+00:00,1728224100,Match Finished,FT,90,140,La Liga,Spain,2024,Regular Season - 9,542,Alaves,529,Barcelona,0,3,0,3,0,3
1208572,Juan Martínez,UTC,2024-10-06T16:30:00+00:00,1728232200,Match Finished,FT,90,140,La Liga,Spain,2024,Regular Season - 9,536,Sevilla,543,Real Betis,1,0,0,0,1,0
1208571,Isidro Díaz de Mera,UTC,2024-10-06T19:00:00+00:00,1728241200,Match Finished,FT,90,140,La Liga,Spain,2024,Regular Season - 9,548,Real Sociedad,530,Atletico Madrid,1,1,0,1,1,1
1208580,Mario Melero,UTC,2024-10-18T19:00:00+00:00,1729278000,Match Finished,FT,90,140,La Liga,Spain,2024,Regular Season - 10,542,Alaves,720,Valladolid,2,3,1,1,2,3
1212919,Mateo Busquets,UTC,2024-10-19T12:00:00+00:00,1729339200,Match Finished,FT,90,140,La Liga,Spain,2024,Regular Season - 10,531,Athletic Club,540,Espanyol,4,1,3,0,4,1
1208581,Alejandro Muñiz,UTC,2024-10-19T14:15:00+00:00,1729347300,Match Finished,FT,90,140,La Liga,Spain,2024,Regular Season - 10,727,Osasuna,543,Real Betis,1,2,0,1,1,2
1208578,César Soto,UTC,2024-10-19T16:30:00+00:00,1729355400,Match Finished,FT,90,140,La Liga,Spain,2024,Regular Season - 10,547,Girona,548,Real Sociedad,0,1,0,1,0,1
1208577,Alejandro Hernández,UTC,2024-10-19T19:00:00+00:00,1729364400,Match Finished,FT,90,140,La Liga,Spain,2024,Regular Season - 10,538,Celta Vigo,541,Real Madrid,1,2,0,1,1,2
1208579,Javier Alberola,UTC,2024-10-20T12:00:00+00:00,1729425600,Match Finished,FT,90,140,La Liga,Spain,2024,Regular Season - 10,798,Mallorca,728,Rayo Vallecano,1,0,0,0,1,0
1208575,José Munuera,UTC,2024-10-20T14:15:00+00:00,1729433700,Match Finished,FT,90,140,La Liga,Spain,2024,Regular Season - 10,530,Atletico Madrid,537,Leganes,3,1,0,1,3,1
1208582,Víctor García,UTC,2024-10-20T16:30:00+00:00,1729441800,Match Finished,FT,90,140,La Liga,Spain,2024,Regular Season - 10,533,Villarreal,546,Getafe,1,1,1,0,1,1
1208576,Ricardo De Burgos,UTC,2024-10-20T19:00:00+00:00,1729450800,Match Finished,FT,90,140,La Liga,Spain,2024,Regular Season - 10,529,Barcelona,536,Sevilla,5,1,3,0,5,1
1208583,Gil Manzano,UTC,2024-10-21T19:00:00+00:00,1729537200,Match Finished,FT,90,140,La Liga,Spain,2024,Regular Season - 10,532,Valencia,534,Las Palmas,2,3,1,1,2,3
1212920,Miguel Ortiz,UTC,2024-10-25T19:00:00+00:00,1729882800,Match Finished,FT,90,140,La Liga,Spain,2024,Regular Season - 11,540,Espanyol,536,Sevilla,0,2,0,2,0,2
1208591,Francisco Hernández,UTC,2024-10-26T12:00:00+00:00,1729944000,Match Finished,FT,90,140,La Liga,Spain,2024,Regular Season - 11,720,Valladolid,533,Villarreal,1,2,0,1,1,2
1208592,Adrián Cordero,UTC,2024-10-26T14:15:00+00:00,1729952100,Match Finished,FT,90,140,La Liga,Spain,2024,Regular Season - 11,728,Rayo Vallecano,542,Alaves,1,0,0,0,1,0
1208589,Alejandro Quintero,UTC,2024-10-26T16:30:00+00:00,1729960200,Match Finished,FT,90,140,La Liga,Spain,2024,Regular Season - 11,534,Las Palmas,547,Girona,1,0,1,0,1,0
1208587,José Sánchez,UTC,2024-10-26T19:00:00+00:00,1729969200,Match Finished,FT,90,140,La Liga,Spain,2024,Regular Season - 11,541,Real Madrid,529,Barcelona,0,4,0,0,0,4
1208588,Mario Melero,UTC,2024-10-27T12:00:00+00:00,1730030400,Match Finished,FT,90,140,La Liga,Spain,2024,Regular Season - 11,537,Leganes,538,Celta Vigo,3,0,0,0,3,0
1208584,Guillermo Cuadra,UTC,2024-10-27T14:15:00+00:00,1730038500,Match Finished,FT,90,140,La Liga,Spain,2024,Regular Season - 11,546,Getafe,532,Valencia,1,1,0,1,1,1
1208586,Gil Manzano,UTC,2024-10-27T16:30:00+00:00,1730046600,Match Finished,FT,90,140,La Liga,Spain,2024,Regular Season - 11,543,Real Betis,530,Atletico Madrid,1,0,1,0,1,0
1208590,Juan Pulido,UTC,2024-10-27T20:00:00+00:00,1730059200,Match Finished,FT,90,140,La Liga,Spain,2024,Regular Season - 11,548,Real Sociedad,727,Osasuna,0,2,0,2,0,2
1208585,Juan Martínez,UTC,2024-10-28T20:00:00+00:00,1730145600,Match Finished,FT,90,140,La Liga,Spain,2024,Regular Season - 11,798,Mallorca,531,Athletic Club,0,0,0,0,0,0
1208598,Pablo González,UTC,2024-11-01T20:00:00+00:00,1730491200,Match Finished,FT,90,140,La Liga,Spain,2024,Regular Season - 12,542,Alaves,798,Mallorca,1,0,0,0,1,0
1208597,Víctor García,UTC,2024-11-02T13:00:00+00:00,1730552400,Match Finished,FT,90,140,La Liga,Spain,2024,Regular Season - 12,727,Osasuna,720,Valladolid,1,0,1,0,1,0
1208596,Mateo Busquets,UTC,2024-11-02T15:15:00+00:00,1730560500,Match Finished,FT,90,140,La Liga,Spain,2024,Regular Season - 12,547,Girona,537,Leganes,4,3,2,2,4,3
1208594,Ricardo De Burgos,UTC,2024-11-03T13:00:00+00:00,1730638800,Match Finished,FT,90,140,La Liga,Spain,2024,Regular Season - 12,530,Atletico Madrid,534,Las Palmas,2,0,1,0,2,0
1212921,José Munuera,UTC,2024-11-03T15:15:00+00:00,1730646900,Match Finished,FT,90,140,La Liga,Spain,2024,Regular Season - 12,529,Barcelona,540,Espanyol,3,1,3,0,3,1
1208601,Alejandro Muñiz,UTC,2024-11-03T17:30:00+00:00,1730655000,Match Finished,FT,90,140,La Liga,Spain,2024,Regular Season - 12,536,Sevilla,548,Real Sociedad,0,2,0,1,0,2
1208593,Javier Alberola,UTC,2024-11-03T20:00:00+00:00,1730664000,Match Finished,FT,90,140,La Liga,Spain,2024,Regular Season - 12,531,Athletic Club,543,Real Betis,1,1,0,0,1,1
1208595,Gil Manzano,UTC,2024-11-04T20:00:00+00:00,1730750400,Match Finished,FT,90,140,La Liga,Spain,2024,Regular Season - 12,538,Celta Vigo,546,Getafe,1,0,1,0,1,0
1208609,Francisco Hernández,UTC,2024-11-08T20:00:00+00:00,1731096000,Match Finished,FT,90,140,La Liga,Spain,2024,Regular Season - 13,728,Rayo Vallecano,534,Las Palmas,1,3,0,1,1,3
1208608,Mario Melero,UTC,2024-11-09T13:00:00+00:00,1731157200,Match Finished,FT,90,140,La Liga,Spain,2024,Regular Season - 13,541,Real Madrid,727,Osasuna,4,0,2,0,4,0
1208610,Alejandro Quintero,UTC,2024-11-09T15:15:00+00:00,1731165300,Match Finished,FT,90,140,La Liga,Spain,2024,Regular Season - 13,533,Villarreal,542,Alaves,3,0,1,0,3,0
1208604,Juan Pulido,UTC,2024-11-09T20:00:00+00:00,1731182400,Match Finished,FT,90,140,La Liga,Spain,2024,Regular Season - 13,537,Leganes,536,Sevilla,1,0,0,0,1,0
1208602,Miguel Ortiz,UTC,2024-11-10T13:00:00+00:00,1731243600,Match Finished,FT,90,140,La Liga,Spain,2024,Regular Season - 13,543,Real Betis,538,Celta Vigo,2,2,1,1,2,2
1208606,José Sánchez,UTC,2024-11-10T15:15:00+00:00,1731251700,Match Finished,FT,90,140,La Liga,Spain,2024,Regular Season - 13,798,Mallorca,530,Atletico Madrid,0,1,0,0,0,1
1208603,Juan Martínez,UTC,2024-11-10T17:30:00+00:00,1731259800,Match Finished,FT,90,140,La Liga,Spain,2024,Regular Season - 13,546,Getafe,547,Girona,0,1,0,1,0,1
1208605,Adrián Cordero,UTC,2024-11-10T17:30:00+00:00,1731259800,Match Finished,FT,90,140,La Liga,Spain,2024,Regular Season - 13,720,Valladolid,531,Athletic Club,1,1,0,0,1,1
1208607,Guillermo Cuadra,UTC,2024-11-10T20:00:00+00:00,1731268800,Match Finished,FT,90,140,La Liga,Spain,2024,Regular Season - 13,548,Real Sociedad,529,Barcelona,1,0,1,0,1,0
1208612,Pablo González,UTC,2024-11-22T20:00:00+00:00,1732305600,Match Finished,FT,90,140,La Liga,Spain,2024,Regular Season - 14,546,Getafe,720,Valladolid,2,0,0,0,2,0
1208617,Ricardo De Burgos,UTC,2024-11-23T13:00:00+00:00,1732366800,Match Finished,FT,90,140,La Liga,Spain,2024,Regular Season - 14,532,Valencia,543,Real Betis,4,2,1,1,4,2
1208619,Víctor García,UTC,2024-11-23T15:15:00+00:00,1732374900,Match Finished,FT,90,140,La Liga,Spain,2024,Regular Season - 14,530,Atletico Madrid,542,Alaves,2,1,0,1,2,1
1208614,Alejandro Muñiz,UTC,2024-11-23T17:30:00+00:00,1732383000,Match Finished,FT,90,140,La Liga,Spain,2024,Regular Season - 14,534,Las Palmas,798,Mallorca,2,3,0,0,2,3
1212923,Alejandro Hernández,UTC,2024-11-23T17:30:00+00:00,1732383000,Match Finished,FT,90,140,La Liga,Spain,2024,Regular Season - 14,547,Girona,540,Espanyol,4,1,4,0,4,1
1208616,César Soto,UTC,2024-11-23T20:00:00+00:00,1732392000,Match Finished,FT,90,140,La Liga,Spain,2024,Regular Season - 14,538,Celta Vigo,529,Barcelona,2,2,0,1,2,2
1208613,José Munuera,UTC,2024-11-24T13:00:00+00:00,1732453200,Match Finished,FT,90,140,La Liga,Spain,2024,Regular Season - 14,727,Osasuna,533,Villarreal,2,2,2,0,2,2
1208618,Mateo Busquets,UTC,2024-11-24T15:15:00+00:00,1732461300,Match Finished,FT,90,140,La Liga,Spain,2024,Regular Season - 14,536,Sevilla,728,Rayo Vallecano,1,0,1,0,1,0
1208615,Javier Alberola,UTC,2024-11-24T17:30:00+00:00,1732469400,Match Finished,FT,90,140,La Liga,Spain,2024,Regular Season - 14,537,Leganes,541,Real Madrid,0,3,0,1,0,3
1208611,Gil Manzano,UTC,2024-11-24T20:00:00+00:00,1732478400,Match Finished,FT,90,140,La Liga,Spain,2024,Regular Season - 14,531,Athletic Club,548,Real Sociedad,1,0,1,0,1,0
1208621,Alejandro Quintero,UTC,2024-11-29T20:00:00+00:00,1732910400,Match Finished,FT,90,140,La Liga,Spain,2024,Regular Season - 15,798,Mallorca,532,Valencia,2,1,1,1,2,1
1208620,Adrián Cordero,UTC,2024-11-30T13:00:00+00:00,1732971600,Match Finished,FT,90,140,La Liga,Spain,2024,Regular Season - 15,529,Barcelona,534,Las Palmas,1,2,0,0,1,2
1208622,Isidro Díaz de Mera,UTC,2024-11-30T15:15:00+00:00,1732979700,Match Finished,FT,90,140,La Liga,Spain,2024,Regular Season - 15,542,Alaves,537,Leganes,1,1,0,0,1,1
1212924,José Sánchez,UTC,2024-11-30T17:30:00+00:00,1732987800,Match Finished,FT,90,140,La Liga,Spain,2024,Regular Season - 15,540,Espanyol,538,Celta Vigo,3,1,1,0,3,1
1208624,Guillermo Cuadra,UTC,2024-11-30T20:00:00+00:00,1732996800,Match Finished,FT,90,140,La Liga,Spain,2024,Regular Season - 15,720,Valladolid,530,Atletico Madrid,0,5,0,3,0,5
1208627,Miguel Ortiz,UTC,2024-12-01T13:00:00+00:00,1733058000,Match Finished,FT,90,140,La Liga,Spain,2024,Regular Season - 15,533,Villarreal,547,Girona,2,2,1,0,2,2
1208626,Alejandro Hernández,UTC,2024-12-01T15:15:00+00:00,1733066100,Match Finished,FT,90,140,La Liga,Spain,2024,Regular Season - 15,541,Real Madrid,546,Getafe,2,0,2,0,2,0
1208623,Mario Melero,UTC,2024-12-01T17:30:00+00:00,1733074200,Match Finished,FT,90,140,La Liga,Spain,2024,Regular Season - 15,728,Rayo Vallecano,531,Athletic Club,1,2,1,0,1,2
1208625,Francisco Hernández,UTC,2024-12-01T20:00:00+00:00,1733083200,Match Finished,FT,90,140,La Liga,Spain,2024,Regular Season - 15,548,Real Sociedad,543,Real Betis,2,0,2,0,2,0
1208628,Juan Martínez,UTC,2024-12-02T20:00:00+00:00,1733169600,Match Finished,FT,90,140,La Liga,Spain,2024,Regular Season - 15,536,Sevilla,727,Osasuna,1,1,0,0,1,1
1208661,Gil Manzano,UTC,2024-12-03T18:00:00+00:00,1733248800,Match Finished,FT,90,140,La Liga,Spain,2024,Regular Season - 19,798,Mallorca,529,Barcelona,1,5,1,1,1,5
1208656,José Sánchez,UTC,2024-12-04T20:00:00+00:00,1733342400,Match Finished,FT,90,140,La Liga,Spain,2024,Regular Season - 19,531,Athletic Club,541,Real Madrid,2,1,0,0,2,1
1208631,Ricardo De Burgos,UTC,2024-12-06T20:00:00+00:00,1733515200,Match Finished,FT,90,140,La Liga,Spain,2024,Regular Season - 16,538,Celta Vigo,798,Mallorca,2,0,1,0,2,0
1208633,Isidro Díaz de Mera,UTC,2024-12-07T13:00:00+00:00,1733576400,Match Finished,FT,90,140,La Liga,Spain,2024,Regular Season - 16,534,Las Palmas,720,Valladolid,2,1,1,1,2,1
1208635,Alejandro Muñiz,UTC,2024-12-07T15:15:00+00:00,1733584500,Match Finished,FT,90,140,La Liga,Spain,2024,Regular Season - 16,543,Real Betis,529,Barcelona,2,2,0,1,2,2
1208636,José Munuera,UTC,2024-12-07T17:30:00+00:00,1733592600,Match Finished,FT,90,140,La Liga,Spain,2024,Regular Season - 16,532,Valencia,728,Rayo Vallecano,0,1,0,1,0,1
1208632,Gil Manzano,UTC,2024-12-07T20:00:00+00:00,1733601600,Match Finished,FT,90,140,La Liga,Spain,2024,Regular Season - 16,547,Girona,541,Real Madrid,0,3,0,1,0,3
1208634,Pablo González,UTC,2024-12-08T13:00:00+00:00,1733662800,Match Finished,FT,90,140,La Liga,Spain,2024,Regular Season - 16,537,Leganes,548,Real Sociedad,0,3,0,1,0,3
1208629,Víctor García,UTC,2024-12-08T15:15:00+00:00,1733670900,Match Finished,FT,90,140,La Liga,Spain,2024,Regular Season - 16,531,Athletic Club,533,Villarreal,2,0,1,0,2,0
1208637,César Soto,UTC,2024-12-08T17:30:00+00:00,1733679000,Match Finished,FT,90,140,La Liga,Spain,2024,Regular Season - 16,727,Osasuna,542,Alaves,2,2,0,1,2,2
1208630,Javier Alberola,UTC,2024-12-08T20:00:00+00:00,1733688000,Match Finished,FT,90,140,La Liga,Spain,2024,Regular Season - 16,530,Atletico Madrid,536,Sevilla,4,3,1,2,4,3
1212925,Mateo Busquets,UTC,2024-12-09T20:00:00+00:00,1733774400,Match Finished,FT,90,140,La Liga,Spain,2024,Regular Season - 16,546,Getafe,540,Espanyol,1,0,1,0,1,0
1208645,Miguel Ortiz,UTC,2024-12-13T20:00:00+00:00,1734120000,Match Finished,FT,90,140,La Liga,Spain,2024,Regular Season - 17,720,Valladolid,532,Valencia,1,0,1,0,1,0
1212926,Adrián Cordero,UTC,2024-12-14T13:00:00+00:00,1734181200,Match Finished,FT,90,140,La Liga,Spain,2024,Regular Season - 17,540,Espanyol,727,Osasuna,0,0,0,0,0,0
1208644,Francisco Hernández,UTC,2024-12-14T15:15:00+00:00,1734189300,Match Finished,FT,90,140,La Liga,Spain,2024,Regular Season - 17,798,Mallorca,547,Girona,2,1,1,1,2,1
1208643,Gil Manzano,UTC,2024-12-14T17:30:00+00:00,1734197400,Match Finished,FT,90,140,La Liga,Spain,2024,Regular Season - 17,536,Sevilla,538,Celta Vigo,1,0,0,0,1,0
1208640,Juan Martínez,UTC,2024-12-14T20:00:00+00:00,1734206400,Match Finished,FT,90,140,La Liga,Spain,2024,Regular Season - 17,728,Rayo Vallecano,541,Real Madrid,3,3,2,2,3,3
1208638,César Soto,UTC,2024-12-15T13:00:00+00:00,1734267600,Match Finished,FT,90,140,La Liga,Spain,2024,Regular Season - 17,530,Atletico Madrid,546,Getafe,1,0,0,0,1,0
1208641,José Sánchez,UTC,2024-12-15T15:15:00+00:00,1734275700,Match Finished,FT,90,140,La Liga,Spain,2024,Regular Season - 17,542,Alaves,531,Athletic Club,1,1,0,1,1,1
1208642,Guillermo Cuadra,UTC,2024-12-15T17:30:00+00:00,1734283800,Match Finished,FT,90,140,La Liga,Spain,2024,Regular Season - 17,533,Villarreal,543,Real Betis,1,2,0,1,1,2
1208646,Mario Melero,UTC,2024-12-15T17:30:00+00:00,1734283800,Match Finished,FT,90,140,La Liga,Spain,2024,Regular Season - 17,548,Real Sociedad,534,Las Palmas,0,0,0,0,0,0
1208639,Alejandro Quintero,UTC,2024-12-15T20:00:00+00:00,1734292800,Match Finished,FT,90,140,La Liga,Spain,2024,Regular Season - 17,529,Barcelona,537,Leganes,0,1,0,1,0,1
1208599,Alejandro Hernández,UTC,2024-12-18T20:30:00+00:00,1734553800,Match Finished,FT,90,140,La Liga,Spain,2024,Regular Season - 12,533,Villarreal,728,Rayo Vallecano,1,1,1,1,1,1
1212922,Pablo González,UTC,2024-12-18T20:30:00+00:00,1734553800,Match Finished,FT,90,140,La Liga,Spain,2024,Regular Season - 13,540,Espanyol,532,Valencia,1,1,1,0,1,1
1208650,Pablo González,UTC,2024-12-20T20:00:00+00:00,1734724800,Match Finished,FT,90,140,La Liga,Spain,2024,Regular Season - 18,547,Girona,720,Valladolid,3,0,2,0,3,0
1208649,José Munuera,UTC,2024-12-21T13:00:00+00:00,1734786000,Match Finished,FT,90,140,La Liga,Spain,2024,Regular Season - 18,546,Getafe,798,Mallorca,0,1,0,0,0,1
1208648,Mateo Busquets,UTC,2024-12-21T15:15:00+00:00,1734794100,Match Finished,FT,90,140,La Liga,Spain,2024,Regular Season - 18,538,Celta Vigo,548,Real Sociedad,2,0,2,0,2,0
1208653,Alejandro Quintero,UTC,2024-12-21T17:30:00+00:00,1734802200,Match Finished,FT,90,140,La Liga,Spain,2024,Regular Season - 18,727,Osasuna,531,Athletic Club,1,2,1,1,1,2
1208654,Ricardo De Burgos,UTC,2024-12-21T20:00:00+00:00,1734811200,Match Finished,FT,90,140,La Liga,Spain,2024,Regular Season - 18,529,Barcelona,530,Atletico Madrid,1,2,1,0,1,2
1208655,Javier Alberola,UTC,2024-12-22T13:00:00+00:00,1734872400,Match Finished,FT,90,140,La Liga,Spain,2024,Regular Season - 18,532,Valencia,542,Alaves,2,2,0,1,2,2
1208651,Isidro Díaz de Mera,UTC,2024-12-22T15:15:00+00:00,1734880500,Match Finished,FT,90,140,La Liga,Spain,2024,Regular Season - 18,541,Real Madrid,536,Sevilla,4,2,3,1,4,2
1208652,Alejandro Muñiz,UTC,2024-12-22T17:30:00+00:00,1734888600,Match Finished,FT,90,140,La Liga,Spain,2024,Regular Season - 18,537,Leganes,533,Villarreal,2,5,2,2,2,5
1212927,César Soto,UTC,2024-12-22T17:30:00+00:00,1734888600,Match Finished,FT,90,140,La Liga,Spain,2024,Regular Season - 18,534,Las Palmas,540,Espanyol,1,0,0,0,1,0
1208647,Víctor García,UTC,2024-12-22T20:00:00+00:00,1734897600,Match Finished,FT,90,140,La Liga,Spain,2024,Regular Season - 18,543,Real Betis,728,Rayo Vallecano,1,1,1,0,1,1
1208600,César Soto,UTC,2025-01-03T20:00:00+00:00,1735934400,Match Finished,FT,90,140,La Liga,Spain,2024,Regular Season - 12,532,Valencia,541,Real Madrid,1,2,1,0,1,2
1208663,Guillermo Cuadra,UTC,2025-01-10T20:00:00+00:00,1736539200,Match Finished,FT,90,140,La Liga,Spain,2024,Regular Season - 19,728,Rayo Vallecano,538,Celta Vigo,2,1,1,1,2,1
1208660,Mateo Busquets,UTC,2025-01-11T13:00:00+00:00,1736600400,Match Finished,FT,90,140,La Liga,Spain,2024,Regular Season - 19,542,Alaves,547,Girona,0,1,0,0,0,1
1208662,Adrián Cordero,UTC,2025-01-11T15:15:00+00:00,1736608500,Match Finished,FT,90,140,La Liga,Spain,2024,Regular Season - 19,720,Valladolid,543,Real Betis,1,0,0,0,1,0
1212928,Juan Martínez,UTC,2025-01-11T17:30:00+00:00,1736616600,Match Finished,FT,90,140,La Liga,Spain,2024,Regular Season - 19,540,Espanyol,537,Leganes,1,1,1,1,1,1
1208659,Francisco Hernández,UTC,2025-01-11T20:00:00+00:00,1736625600,Match Finished,FT,90,140,La Liga,Spain,2024,Regular Season - 19,536,Sevilla,532,Valencia,1,1,0,0,1,1
1208664,Javier Alberola,UTC,2025-01-12T13:00:00+00:00,1736686800,Match Finished,FT,90,140,La Liga,Spain,2024,Regular Season - 19,534,Las Palmas,546,Getafe,1,2,0,0,1,2
1208657,Isidro Díaz de Mera,UTC,2025-01-12T15:15:00+00:00,1736694900,Match Finished,FT,90,140,La Liga,Spain,2024,Regular Season - 19,530,Atletico Madrid,727,Osasuna,1,0,0,0,1,0
1208658,César Soto,UTC,2025-01-13T20:00:00+00:00,1736798400,Match Finished,FT,90,140,La Liga,Spain,2024,Regular Season - 19,548,Real Sociedad,533,Villarreal,1,0,0,0,1,0
1212929,Ricardo De Burgos,UTC,2025-01-17T20:00:00+00:00,1737144000,Match Finished,FT,90,140,La Liga,Spain,2024,Regular Season - 20,540,Espanyol,720,Valladolid,2,1,1,0,2,1
1208665,Juan Martínez,UTC,2025-01-18T13:00:00+00:00,1737205200,Match Finished,FT,90,140,La Liga,Spain,2024,Regular Season - 20,547,Girona,536,Sevilla,1,2,1,0,1,2
1208668,Mario Melero,UTC,2025-01-18T15:15:00+00:00,1737213300,Match Finished,FT,90,140,La Liga,Spain,2024,Regular Season - 20,537,Leganes,530,Atletico Madrid,1,0,0,0,1,0
1208673,Alejandro Hernández,UTC,2025-01-18T17:30:00+00:00,1737221400,Match Finished,FT,90,140,La Liga,Spain,2024,Regular Season - 20,543,Real Betis,542,Alaves,1,3,1,1,1,3
1208669,Pablo González,UTC,2025-01-18T20:00:00+00:00,1737230400,Match Finished,FT,90,140,La Liga,Spain,2024,Regular Season - 20,546,Getafe,529,Barcelona,1,1,1,1,1,1
1208667,Miguel Ortiz,UTC,2025-01-19T13:00:00+00:00,1737291600,Match Finished,FT,90,140,La Liga,Spain,2024,Regular Season - 20,538,Celta Vigo,531,Athletic Club,1,2,0,0,1,2
1208672,Alejandro Quintero,UTC,2025-01-19T15:15:00+00:00,1737299700,Match Finished,FT,90,140,La Liga,Spain,2024,Regular Season - 20,541,Real Madrid,534,Las Palmas,4,1,3,1,4,1
1208666,Alejandro Muñiz,UTC,2025-01-19T17:30:00+00:00,1737307800,Match Finished,FT,90,140,La Liga,Spain,2024,Regular Season - 20,727,Osasuna,728,Rayo Vallecano,1,1,0,1,1,1
1208671,Víctor García,UTC,2025-01-19T20:00:00+00:00,1737316800,Match Finished,FT,90,140,La Liga,Spain,2024,Regular Season - 20,532,Valencia,548,Real Sociedad,1,0,1,0,1,0
1208670,José Munuera,UTC,2025-01-20T20:00:00+00:00,1737403200,Match Finished,FT,90,140,La Liga,Spain,2024,Regular Season - 20,533,Villarreal,798,Mallorca,4,0,4,0,4,0
1208677,Gil Manzano,UTC,2025-01-24T20:00:00+00:00,1737748800,Match Finished,FT,90,140,La Liga,Spain,2024,Regular Season - 21,534,Las Palmas,727,Osasuna,1,1,0,0,1,1
1208679,Javier Alberola,UTC,2025-01-25T13:00:00+00:00,1737810000,Match Finished,FT,90,140,La Liga,Spain,2024,Regular Season - 21,798,Mallorca,543,Real Betis,0,1,0,0,0,1
1208675,José Sánchez,UTC,2025-01-25T15:15:00+00:00,1737818100,Match Finished,FT,90,140,La Liga,Spain,2024,Regular Season - 21,530,Atletico Madrid,533,Villarreal,1,1,0,1,1,1
1212930,Adrián Cordero,UTC,2025-01-25T17:30:00+00:00,1737826200,Match Finished,FT,90,140,La Liga,Spain,2024,Regular Season - 21,536,Sevilla,540,Espanyol,1,1,0,1,1,1
1208682,Mateo Busquets,UTC,2025-01-25T20:00:00+00:00,1737835200,Match Finished,FT,90,140,La Liga,Spain,2024,Regular Season - 21,720,Valladolid,541,Real Madrid,0,3,0,1,0,3
1208681,Isidro Díaz de Mera,UTC,2025-01-26T13:00:00+00:00,1737896400,Match Finished,FT,90,140,La Liga,Spain,2024,Regular Season - 21,728,Rayo Vallecano,547,Girona,2,1,0,0,2,1
1208680,Guillermo Cuadra,UTC,2025-01-26T15:15:00+00:00,1737904500,Match Finished,FT,90,140,La Liga,Spain,2024,Regular Season - 21,548,Real Sociedad,546,Getafe,0,3,0,0,0,3
1208674,Alejandro Hernández,UTC,2025-01-26T17:30:00+00:00,1737912600,Match Finished,FT,90,140,La Liga,Spain,2024,Regular Season - 21,531,Athletic Club,537,Leganes,0,0,0,0,0,0
1208676,César Soto,UTC,2025-01-26T20:00:00+00:00,1737921600,Match Finished,FT,90,140,La Liga,Spain,2024,Regular Season - 21,529,Barcelona,532,Valencia,7,1,5,0,7,1
1208678,Francisco Hernández,UTC,2025-01-27T20:00:00+00:00,1738008000,Match Finished,FT,90,140,La Liga,Spain,2024,Regular Season - 21,542,Alaves,538,Celta Vigo,1,1,1,0,1,1
1208688,Alejandro Quintero,UTC,2025-01-31T20:00:00+00:00,1738353600,Match Finished,FT,90,140,La Liga,Spain,2024,Regular Season - 22,537,Leganes,728,Rayo Vallecano,0,1,0,0,0,1
1208684,Ricardo De Burgos,UTC,2025-02-01T13:00:00+00:00,1738414800,Match Finished,FT,90,140,La Liga,Spain,2024,Regular Season - 22,546,Getafe,536,Sevilla,0,0,0,0,0,0
1208687,Isidro Díaz de Mera,UTC,2025-02-01T15:15:00+00:00,1738422900,Match Finished,FT,90,140,La Liga,Spain,2024,Regular Season - 22,533,Villarreal,720,Valladolid,5,1,1,0,5,1
1208683,Víctor García,UTC,2025-02-01T17:30:00+00:00,1738431000,Match Finished,FT,90,140,La Liga,Spain,2024,Regular Season - 22,530,Atletico Madrid,798,Mallorca,2,0,1,0,2,0
1212931,Alejandro Muñiz,UTC,2025-02-01T20:00:00+00:00,1738440000,Match Finished,FT,90,140,La Liga,Spain,2024,Regular Season - 22,540,Espanyol,541,Real Madrid,1,0,0,0,1,0
1208691,José Munuera,UTC,2025-02-02T13:00:00+00:00,1738501200,Match Finished,FT,90,140,La Liga,Spain,2024,Regular Season - 22,529,Barcelona,542,Alaves,1,0,0,0,1,0
1208690,Pablo González,UTC,2025-02-02T15:15:00+00:00,1738509300,Match Finished,FT,90,140,La Liga,Spain,2024,Regular Season - 22,532,Valencia,538,Celta Vigo,2,1,1,0,2,1
1208686,Miguel Ortiz,UTC,2025-02-02T17:30:00+00:00,1738517400,Match Finished,FT,90,140,La Liga,Spain,2024,Regular Season - 22,727,Osasuna,548,Real Sociedad,2,1,1,0,2,1
1208689,Juan Martínez,UTC,2025-02-02T20:00:00+00:00,1738526400,Match Finished,FT,90,140,La Liga,Spain,2024,Regular Season - 22,543,Real Betis,531,Athletic Club,2,2,2,1,2,2
1208685,Mario Melero,UTC,2025-02-03T20:00:00+00:00,1738612800,Match Finished,FT,90,140,La Liga,Spain,2024,Regular Season - 22,547,Girona,534,Las Palmas,2,1,1,0,2,1
1208694,Gil Manzano,UTC,2025-02-07T20:00:00+00:00,1738958400,Match Finished,FT,90,140,La Liga,Spain,2024,Regular Season - 23,728,Rayo Vallecano,720,Valladolid,1,0,0,0,1,0
1208699,Mateo Busquets,UTC,2025-02-08T13:00:00+00:00,1739019600,Match Finished,FT,90,140,La Liga,Spain,2024,Regular Season - 23,538,Celta Vigo,543,Real Betis,3,2,0,2,3,2
1208692,José Sánchez,UTC,2025-02-08T15:15:00+00:00,1739027700,Match Finished,FT,90,140,La Liga,Spain,2024,Regular Season - 23,531,Athletic Club,547,Girona,3,0,2,0,3,0
1208695,Francisco Hernández,UTC,2025-02-08T17:30:00+00:00,1739035800,Match Finished,FT,90,140,La Liga,Spain,2024,Regular Season - 23,534,Las Palmas,533,Villarreal,1,2,0,0,1,2
1208697,César Soto,UTC,2025-02-08T20:00:00+00:00,1739044800,Match Finished,FT,90,140,La Liga,Spain,2024,Regular Season - 23,541,Real Madrid,530,Atletico Madrid,1,1,0,1,1,1
1208696,Isidro Díaz de Mera,UTC,2025-02-09T13:00:00+00:00,1739106000,Match Finished,FT,90,140,La Liga,Spain,2024,Regular Season - 23,542,Alaves,546,Getafe,0,1,0,1,0,1
1208700,Guillermo Cuadra,UTC,2025-02-09T15:15:00+00:00,1739114100,Match Finished,FT,90,140,La Liga,Spain,2024,Regular Season - 23,532,Valencia,537,Leganes,2,0,2,0,2,0
1212932,Javier Alberola,UTC,2025-02-09T17:30:00+00:00,1739122200,Match Finished,FT,90,140,La Liga,Spain,2024,Regular Season - 23,548,Real Sociedad,540,Espanyol,2,1,1,0,2,1
1208698,Alejandro Hernández,UTC,2025-02-09T20:00:00+00:00,1739131200,Match Finished,FT,90,140,La Liga,Spain,2024,Regular Season - 23,536,Sevilla,529,Barcelona,1,4,1,1,1,4
1208693,Adrián Cordero,UTC,2025-02-10T20:00:00+00:00,1739217600,Match Finished,FT,90,140,La Liga,Spain,2024,Regular Season - 23,798,Mallorca,727,Osasuna,1,1,0,0,1,1
1208705,Alejandro Quintero,UTC,2025-02-14T20:00:00+00:00,1739563200,Match Finished,FT,90,140,La Liga,Spain,2024,Regular Season - 24,547,Girona,546,Getafe,1,2,0,1,1,2
1208709,Pablo González,UTC,2025-02-15T13:00:00+00:00,1739624400,Match Finished,FT,90,140,La Liga,Spain,2024,Regular Season - 24,537,Leganes,542,Alaves,3,3,2,1,3,3
1208704,José Munuera,UTC,2025-02-15T15:15:00+00:00,1739632500,Match Finished,FT,90,140,La Liga,Spain,2024,Regular Season - 24,727,Osasuna,541,Real Madrid,1,1,0,1,1,1
1208701,Juan Martínez,UTC,2025-02-15T17:30:00+00:00,1739640600,Match Finished,FT,90,140,La Liga,Spain,2024,Regular Season - 24,530,Atletico Madrid,538,Celta Vigo,1,1,0,0,1,1
1208707,Ricardo De Burgos,UTC,2025-02-15T20:00:00+00:00,1739649600,Match Finished,FT,90,140,La Liga,Spain,2024,Regular Season - 24,533,Villarreal,532,Valencia,1,1,1,0,1,1
1212933,Guillermo Cuadra,UTC,2025-02-16T13:00:00+00:00,1739710800,Match Finished,FT,90,140,La Liga,Spain,2024,Regular Season - 24,540,Espanyol,531,Athletic Club,1,1,0,0,1,1
1208706,Javier Alberola,UTC,2025-02-16T15:15:00+00:00,1739718900,Match Finished,FT,90,140,La Liga,Spain,2024,Regular Season - 24,720,Valladolid,536,Sevilla,0,4,0,2,0,4
1208708,Miguel Ortiz,UTC,2025-02-16T17:30:00+00:00,1739727000,Match Finished,FT,90,140,La Liga,Spain,2024,Regular Season - 24,798,Mallorca,534,Las Palmas,3,1,3,0,3,1
1208703,Gil Manzano,UTC,2025-02-16T20:00:00+00:00,1739736000,Match Finished,FT,90,140,La Liga,Spain,2024,Regular Season - 24,543,Real Betis,548,Real Sociedad,3,0,0,0,3,0
1208702,Mario Melero,UTC,2025-02-17T20:00:00+00:00,1739822400,Match Finished,FT,90,140,La Liga,Spain,2024,Regular Season - 24,529,Barcelona,728,Rayo Vallecano,1,0,1,0,1,0
1208711,José Sánchez,UTC,2025-02-21T20:00:00+00:00,1740168000,Match Finished,FT,90,140,La Liga,Spain,2024,Regular Season - 25,538,Celta Vigo,727,Osasuna,1,0,0,0,1,0
1212934,Juan Pulido,UTC,2025-02-22T13:00:00+00:00,1740229200,Match Finished,FT,90,140,La Liga,Spain,2024,Regular Season - 25,542,Alaves,540,Espanyol,0,1,0,0,0,1
1208712,Víctor García,UTC,2025-02-22T15:15:00+00:00,1740237300,Match Finished,FT,90,140,La Liga,Spain,2024,Regular Season - 25,728,Rayo Vallecano,533,Villarreal,0,1,0,0,0,1
1208713,Mateo Busquets,UTC,2025-02-22T17:30:00+00:00,1740245400,Match Finished,FT,90,140,La Liga,Spain,2024,Regular Season - 25,532,Valencia,530,Atletico Madrid,0,3,0,2,0,3
1208714,Adrián Cordero,UTC,2025-02-22T20:00:00+00:00,1740254400,Match Finished,FT,90,140,La Liga,Spain,2024,Regular Season - 25,534,Las Palmas,529,Barcelona,0,2,0,0,0,2
1208710,César Soto,UTC,2025-02-23T13:00:00+00:00,1740315600,Match Finished,FT,90,140,La Liga,Spain,2024,Regular Season - 25,531,Athletic Club,720,Valladolid,7,1,4,0,7,1
1208716,Guillermo Cuadra,UTC,2025-02-23T15:15:00+00:00,1740323700,Match Finished,FT,90,140,La Liga,Spain,2024,Regular Season - 25,541,Real Madrid,547,Girona,2,0,1,0,2,0
1208715,Javier Alberola,UTC,2025-02-23T17:30:00+00:00,1740331800,Match Finished,FT,90,140,La Liga,Spain,2024,Regular Season - 25,546,Getafe,543,Real Betis,1,2,0,1,1,2
1208718,Francisco Hernández,UTC,2025-02-23T20:00:00+00:00,1740340800,Match Finished,FT,90,140,La Liga,Spain,2024,Regular Season - 25,548,Real Sociedad,537,Leganes,3,0,1,0,3,0
1208717,Alejandro Muñiz,UTC,2025-02-24T20:00:00+00:00,1740427200,Match Finished,FT,90,140,La Liga,Spain,2024,Regular Season - 25,536,Sevilla,798,Mallorca,1,1,1,0,1,1
1208726,Ricardo De Burgos,UTC,2025-02-28T20:00:00+00:00,1740772800,Match Finished,FT,90,140,La Liga,Spain,2024,Regular Season - 26,720,Valladolid,534,Las Palmas,1,1,0,1,1,1
1208724,Miguel Ortiz,UTC,2025-03-01T13:00:00+00:00,1740834000,Match Finished,FT,90,140,La Liga,Spain,2024,Regular Season - 26,547,Girona,538,Celta Vigo,2,2,1,1,2,2
1208722,Pablo González,UTC,2025-03-01T15:15:00+00:00,1740842100,Match Finished,FT,90,140,La Liga,Spain,2024,Regular Season - 26,728,Rayo Vallecano,536,Sevilla,1,1,0,0,1,1
1208720,Alejandro Hernández,UTC,2025-03-01T17:30:00+00:00,1740850200,Match Finished,FT,90,140,La Liga,Spain,2024,Regular Season - 26,543,Real Betis,541,Real Madrid,2,1,1,1,2,1
1208723,Gil Manzano,UTC,2025-03-01T20:00:00+00:00,1740859200,Match Finished,FT,90,140,La Liga,Spain,2024,Regular Season - 26,530,Atletico Madrid,531,Athletic Club,1,0,0,0,1,0
1208725,Alejandro Muñiz,UTC,2025-03-02T13:00:00+00:00,1740920400,Match Finished,FT,90,140,La Liga,Spain,2024,Regular Season - 26,537,Leganes,546,Getafe,1,0,0,0,1,0
1208719,Alejandro Quintero,UTC,2025-03-02T15:15:00+00:00,1740928500,Match Finished,FT,90,140,La Liga,Spain,2024,Regular Season - 26,529,Barcelona,548,Real Sociedad,4,0,2,0,4,0
1208727,César Soto,UTC,2025-03-02T17:30:00+00:00,1740936600,Match Finished,FT,90,140,La Liga,Spain,2024,Regular Season - 26,798,Mallorca,542,Alaves,1,1,1,0,1,1
1208721,Mario Melero,UTC,2025-03-02T20:00:00+00:00,1740945600,Match Finished,FT,90,140,La Liga,Spain,2024,Regular Season - 26,727,Osasuna,532,Valencia,3,3,3,2,3,3
1208731,Isidro Díaz de Mera,UTC,2025-03-08T13:00:00+00:00,1741438800,Match Finished,FT,90,140,La Liga,Spain,2024,Regular Season - 27,538,Celta Vigo,537,Leganes,2,1,2,1,2,1
1208734,Miguel Ortiz,UTC,2025-03-08T15:15:00+00:00,1741446900,Match Finished,FT,90,140,La Liga,Spain,2024,Regular Season - 27,542,Alaves,533,Villarreal,1,0,1,0,1,0
1208733,Juan Pulido,UTC,2025-03-08T17:30:00+00:00,1741455000,Match Finished,FT,90,140,La Liga,Spain,2024,Regular Season - 27,532,Valencia,720,Valladolid,2,1,1,1,2,1
1208735,Guillermo Cuadra,UTC,2025-03-09T13:00:00+00:00,1741525200,Match Finished,FT,90,140,La Liga,Spain,2024,Regular Season - 27,546,Getafe,530,Atletico Madrid,2,1,0,0,2,1
1208736,Francisco Hernández,UTC,2025-03-09T15:15:00+00:00,1741533300,Match Finished,FT,90,140,La Liga,Spain,2024,Regular Season - 27,541,Real Madrid,728,Rayo Vallecano,2,1,2,1,2,1
1208728,Alejandro Hernández,UTC,2025-03-09T17:30:00+00:00,1741541400,Match Finished,FT,90,140,La Liga,Spain,2024,Regular Season - 27,531,Athletic Club,798,Mallorca,1,1,0,0,1,1
1208730,José Sánchez,UTC,2025-03-09T17:30:00+00:00,1741541400,Match Finished,FT,90,140,La Liga,Spain,2024,Regular Season - 27,543,Real Betis,534,Las Palmas,1,0,0,0,1,0
1208732,Víctor García,UTC,2025-03-09T20:00:00+00:00,1741550400,Match Finished,FT,90,140,La Liga,Spain,2024,Regular Season - 27,548,Real Sociedad,536,Sevilla,0,1,0,0,0,1
1212936,Adrián Cordero,UTC,2025-03-10T20:00:00+00:00,1741636800,Match Finished,FT,90,140,La Liga,Spain,2024,Regular Season - 27,540,Espanyol,547,Girona,1,1,0,0,1,1
1208745,Mario Melero,UTC,2025-03-14T20:00:00+00:00,1741982400,Match Finished,FT,90,140,La Liga,Spain,2024,Regular Season - 28,534,Las Palmas,542,Alaves,2,2,0,1,2,2
1208742,Víctor García,UTC,2025-03-15T13:00:00+00:00,1742043600,Match Finished,FT,90,140,La Liga,Spain,2024,Regular Season - 28,720,Valladolid,538,Celta Vigo,0,1,0,0,0,1
1212937,Alejandro Quintero,UTC,2025-03-15T15:15:00+00:00,1742051700,Match Finished,FT,90,140,La Liga,Spain,2024,Regular Season - 28,798,Mallorca,540,Espanyol,2,1,0,0,2,1
1208744,Gil Manzano,UTC,2025-03-15T17:30:00+00:00,1742059800,Match Finished,FT,90,140,La Liga,Spain,2024,Regular Season - 28,533,Villarreal,541,Real Madrid,1,2,1,2,1,2
1208738,José Munuera,UTC,2025-03-15T20:00:00+00:00,1742068800,Match Finished,FT,90,140,La Liga,Spain,2024,Regular Season - 28,547,Girona,532,Valencia,1,1,0,0,1,1
1208741,César Soto,UTC,2025-03-16T13:00:00+00:00,1742130000,Match Finished,FT,90,140,La Liga,Spain,2024,Regular Season - 28,537,Leganes,543,Real Betis,2,3,2,0,2,3
1208740,Juan Pulido,UTC,2025-03-16T15:15:00+00:00,1742138100,Match Finished,FT,90,140,La Liga,Spain,2024,Regular Season - 28,536,Sevilla,531,Athletic Club,0,1,0,0,0,1
1208739,Alejandro Muñiz,UTC,2025-03-16T17:30:00+00:00,1742146200,Match Finished,FT,90,140,La Liga,Spain,2024,Regular Season - 28,728,Rayo Vallecano,548,Real Sociedad,2,2,0,1,2,2
1208743,Alejandro Hernández,UTC,2025-03-16T17:30:00+00:00,1742146200,Match Finished,FT,90,140,La Liga,Spain,2024,Regular Season - 28,727,Osasuna,546,Getafe,1,2,1,0,1,2
1208737,Ricardo De Burgos,UTC,2025-03-16T20:00:00+00:00,1742155200,Match Finished,FT,90,140,La Liga,Spain,2024,Regular Season - 28,530,Atletico Madrid,529,Barcelona,2,4,1,0,2,4
1208729,Mateo Busquets,UTC,2025-03-27T20:00:00+00:00,1743105600,Match Finished,FT,90,140,La Liga,Spain,2024,Regular Season - 27,529,Barcelona,727,Osasuna,3,0,2,0,3,0
1208751,Adrián Cordero,UTC,2025-03-29T13:00:00+00:00,1743253200,Match Finished,FT,90,140,La Liga,Spain,2024,Regular Season - 29,548,Real Sociedad,720,Valladolid,2,1,1,0,2,1
1212938,Javier Alberola,UTC,2025-03-29T15:15:00+00:00,1743261300,Match Finished,FT,90,140,La Liga,Spain,2024,Regular Season - 29,540,Espanyol,530,Atletico Madrid,1,1,0,1,1,1
1208752,José Munuera,UTC,2025-03-29T17:30:00+00:00,1743269400,Match Finished,FT,90,140,La Liga,Spain,2024,Regular Season - 29,542,Alaves,728,Rayo Vallecano,0,2,0,1,0,2
1208754,Pablo González,UTC,2025-03-29T20:00:00+00:00,1743278400,Match Finished,FT,90,140,La Liga,Spain,2024,Regular Season - 29,541,Real Madrid,537,Leganes,3,2,1,2,3,2
1208750,Isidro Díaz de Mera,UTC,2025-03-30T12:00:00+00:00,1743336000,Match Finished,FT,90,140,La Liga,Spain,2024,Regular Season - 29,546,Getafe,533,Villarreal,1,2,1,2,1,2
1208747,Juan Pulido,UTC,2025-03-30T14:15:00+00:00,1743344100,Match Finished,FT,90,140,La Liga,Spain,2024,Regular Season - 29,529,Barcelona,547,Girona,4,1,1,0,4,1
1208746,Guillermo Cuadra,UTC,2025-03-30T16:30:00+00:00,1743352200,Match Finished,FT,90,140,La Liga,Spain,2024,Regular Season - 29,531,Athletic Club,727,Osasuna,0,0,0,0,0,0
1208753,Francisco Hernández,UTC,2025-03-30T16:30:00+00:00,1743352200,Match Finished,FT,90,140,La Liga,Spain,2024,Regular Season - 29,532,Valencia,798,Mallorca,1,0,0,0,1,0
1208748,Mateo Busquets,UTC,2025-03-30T19:00:00+00:00,1743361200,Match Finished,FT,90,140,La Liga,Spain,2024,Regular Season - 29,543,Real Betis,536,Sevilla,2,1,2,1,2,1
1208749,Juan Martínez,UTC,2025-03-31T19:00:00+00:00,1743447600,Match Finished,FT,90,140,La Liga,Spain,2024,Regular Season - 29,538,Celta Vigo,534,Las Palmas,1,1,1,0,1,1
1212939,Alejandro Hernández,UTC,2025-04-04T19:00:00+00:00,1743793200,Match Finished,FT,90,140,La Liga,Spain,2024,Regular Season - 30,728,Rayo Vallecano,540,Espanyol,0,4,0,2,0,4
1208763,Alejandro Muñiz,UTC,2025-04-05T12:00:00+00:00,1743854400,Match Finished,FT,90,140,La Liga,Spain,2024,Regular Season - 30,547,Girona,542,Alaves,0,1,0,0,0,1
1208756,Guillermo Cuadra,UTC,2025-04-05T14:15:00+00:00,1743862500,Match Finished,FT,90,140,La Liga,Spain,2024,Regular Season - 30,541,Real Madrid,532,Valencia,1,2,0,1,1,2
1208761,Ricardo De Burgos,UTC,2025-04-05T16:30:00+00:00,1743870600,Match Finished,FT,90,140,La Liga,Spain,2024,Regular Season - 30,798,Mallorca,538,Celta Vigo,1,2,1,0,1,2
1208755,Gil Manzano,UTC,2025-04-05T19:00:00+00:00,1743879600,Match Finished,FT,90,140,La Liga,Spain,2024,Regular Season - 30,529,Barcelona,543,Real Betis,1,1,1,1,1,1
1208757,Miguel Ortiz,UTC,2025-04-06T12:00:00+00:00,1743940800,Match Finished,FT,90,140,La Liga,Spain,2024,Regular Season - 30,534,Las Palmas,548,Real Sociedad,1,3,0,1,1,3
1208760,César Soto,UTC,2025-04-06T14:15:00+00:00,1743948900,Match Finished,FT,90,140,La Liga,Spain,2024,Regular Season - 30,536,Sevilla,530,Atletico Madrid,1,2,1,1,1,2
1208762,Alejandro Quintero,UTC,2025-04-06T16:30:00+00:00,1743957000,Match Finished,FT,90,140,La Liga,Spain,2024,Regular Season - 30,720,Valladolid,546,Getafe,0,4,0,3,0,4
1208759,Mario Melero,UTC,2025-04-06T19:00:00+00:00,1743966000,Match Finished,FT,90,140,La Liga,Spain,2024,Regular Season - 30,533,Villarreal,531,Athletic Club,0,0,0,0,0,0
1208758,Víctor García,UTC,2025-04-07T19:00:00+00:00,1744052400,Match Finished,FT,90,140,La Liga,Spain,2024,Regular Season - 30,537,Leganes,727,Osasuna,1,1,0,0,1,1
1208772,José Sánchez,UTC,2025-04-11T19:00:00+00:00,1744398000,Match Finished,FT,90,140,La Liga,Spain,2024,Regular Season - 31,532,Valencia,536,Sevilla,1,0,1,0,1,0
1208771,José Munuera,UTC,2025-04-12T12:00:00+00:00,1744459200,Match Finished,FT,90,140,La Liga,Spain,2024,Regular Season - 31,548,Real Sociedad,798,Mallorca,0,2,0,1,0,2
1208767,Javier Alberola,UTC,2025-04-12T14:15:00+00:00,1744467300,Match Finished,FT,90,140,La Liga,Spain,2024,Regular Season - 31,546,Getafe,534,Las Palmas,1,3,1,0,1,3
1212940,Mateo Busquets,UTC,2025-04-12T16:30:00+00:00,1744475400,Match Finished,FT,90,140,La Liga,Spain,2024,Regular Season - 31,538,Celta Vigo,540,Espanyol,0,2,0,1,0,2
1208769,Francisco Hernández,UTC,2025-04-12T19:00:00+00:00,1744484400,Match Finished,FT,90,140,La Liga,Spain,2024,Regular Season - 31,537,Leganes,529,Barcelona,0,1,0,0,0,1
1208770,Pablo González,UTC,2025-04-13T12:00:00+00:00,1744545600,Match Finished,FT,90,140,La Liga,Spain,2024,Regular Season - 31,727,Osasuna,547,Girona,2,1,1,0,2,1
1208768,César Soto,UTC,2025-04-13T14:15:00+00:00,1744553700,Match Finished,FT,90,140,La Liga,Spain,2024,Regular Season - 31,542,Alaves,541,Real Madrid,0,1,0,1,0,1
1208766,Juan Pulido,UTC,2025-04-13T16:30:00+00:00,1744561800,Match Finished,FT,90,140,La Liga,Spain,2024,Regular Season - 31,543,Real Betis,533,Villarreal,1,2,1,1,1,2
1208764,Adrián Cordero,UTC,2025-04-13T19:00:00+00:00,1744570800,Match Finished,FT,90,140,La Liga,Spain,2024,Regular Season - 31,531,Athletic Club,728,Rayo Vallecano,3,1,0,1,3,1
1208765,Isidro Díaz de Mera,UTC,2025-04-14T19:00:00+00:00,1744657200,Match Finished,FT,90,140,La Liga,Spain,2024,Regular Season - 31,530,Atletico Madrid,720,Valladolid,4,2,2,1,4,2
1212941,Ricardo De Burgos,UTC,2025-04-18T19:00:00+00:00,1745002800,Match Finished,FT,90,140,La Liga,Spain,2024,Regular Season - 32,540,Espanyol,546,Getafe,1,0,1,0,1,0
1208774,Alejandro Quintero,UTC,2025-04-19T12:00:00+00:00,1745064000,Match Finished,FT,90,140,La Liga,Spain,2024,Regular Season - 32,728,Rayo Vallecano,532,Valencia,1,1,1,0,1,1
1208773,Mario Melero,UTC,2025-04-19T14:15:00+00:00,1745072100,Match Finished,FT,90,140,La Liga,Spain,2024,Regular Season - 32,529,Barcelona,538,Celta Vigo,4,3,1,1,4,3
1208781,Alejandro Muñiz,UTC,2025-04-19T16:30:00+00:00,1745080200,Match Finished,FT,90,140,La Liga,Spain,2024,Regular Season - 32,798,Mallorca,537,Leganes,0,0,0,0,0,0
1208776,Víctor García,UTC,2025-04-19T19:00:00+00:00,1745089200,Match Finished,FT,90,140,La Liga,Spain,2024,Regular Season - 32,534,Las Palmas,530,Atletico Madrid,1,0,0,0,1,0
1208778,Gil Manzano,UTC,2025-04-20T12:00:00+00:00,1745150400,Match Finished,FT,90,140,La Liga,Spain,2024,Regular Season - 32,720,Valladolid,727,Osasuna,2,3,0,2,2,3
1208779,Guillermo Cuadra,UTC,2025-04-20T14:15:00+00:00,1745158500,Match Finished,FT,90,140,La Liga,Spain,2024,Regular Season - 32,533,Villarreal,548,Real Sociedad,2,2,1,1,2,2
1208780,Miguel Ortiz,UTC,2025-04-20T16:30:00+00:00,1745166600,Match Finished,FT,90,140,La Liga,Spain,2024,Regular Season - 32,536,Sevilla,542,Alaves,1,1,1,1,1,1
1208775,Juan Martínez,UTC,2025-04-20T19:00:00+00:00,1745175600,Match Finished,FT,90,140,La Liga,Spain,2024,Regular Season - 32,541,Real Madrid,531,Athletic Club,1,0,0,0,1,0
1208777,Alejandro Hernández,UTC,2025-04-21T19:00:00+00:00,1745262000,Match Finished,FT,90,140,La Liga,Spain,2024,Regular Season - 32,547,Girona,543,Real Betis,1,3,0,3,1,3
1212942,Juan Pulido,UTC,2025-04-22T17:00:00+00:00,1745341200,Match Finished,FT,90,140,La Liga,Spain,2024,Regular Season - 33,532,Valencia,540,Espanyol,1,1,0,1,1,1
1208784,Miguel Ortiz,UTC,2025-04-22T19:30:00+00:00,1745350200,Match Finished,FT,90,140,La Liga,Spain,2024,Regular Season - 33,529,Barcelona,798,Mallorca,1,0,0,0,1,0
1208782,Isidro Díaz de Mera,UTC,2025-04-23T17:00:00+00:00,1745427600,Match Finished,FT,90,140,La Liga,Spain,2024,Regular Season - 33,531,Athletic Club,534,Las Palmas,1,0,1,0,1,0
1208786,Javier Alberola,UTC,2025-04-23T17:00:00+00:00,1745427600,Match Finished,FT,90,140,La Liga,Spain,2024,Regular Season - 33,538,Celta Vigo,533,Villarreal,3,0,1,0,3,0
1208787,José Sánchez,UTC,2025-04-23T19:30:00+00:00,1745436600,Match Finished,FT,90,140,La Liga,Spain,2024,Regular Season - 33,546,Getafe,541,Real Madrid,0,1,0,1,0,1
1208789,Mateo Busquets,UTC,2025-04-23T19:30:00+00:00,1745436600,Match Finished,FT,90,140,La Liga,Spain,2024,Regular Season - 33,542,Alaves,548,Real Sociedad,1,0,0,0,1,0
1208788,Adrián Cordero,UTC,2025-04-24T17:00:00+00:00,1745514000,Match Finished,FT,90,140,La Liga,Spain,2024,Regular Season - 33,727,Osasuna,536,Sevilla,1,0,1,0,1,0
1208790,José Munuera,UTC,2025-04-24T17:00:00+00:00,1745514000,Match Finished,FT,90,140,La Liga,Spain,2024,Regular Season - 33,537,Leganes,547,Girona,1,1,0,0,1,1
1208783,Pablo González,UTC,2025-04-24T19:30:00+00:00,1745523000,Match Finished,FT,90,140,La Liga,Spain,2024,Regular Season - 33,530,Atletico Madrid,728,Rayo Vallecano,3,0,2,0,3,0
1208785,Francisco Hernández,UTC,2025-04-24T19:30:00+00:00,1745523000,Match Finished,FT,90,140,La Liga,Spain,2024,Regular Season - 33,543,Real Betis,720,Valladolid,5,1,1,1,5,1
1212935,José Munuera,UTC,2025-04-27T14:15:00+00:00,1745763300,Match Finished,FT,90,140,La Liga,Spain,2024,Regular Season - 26,533,Villarreal,540,Espanyol,1,0,0,0,1,0
1208797,Víctor García,UTC,2025-05-02T19:00:00+00:00,1746212400,Match Finished,FT,90,140,La Liga,Spain,2024,Regular Season - 34,728,Rayo Vallecano,546,Getafe,1,0,1,0,1,0
1208793,Juan Martínez,UTC,2025-05-03T12:00:00+00:00,1746273600,Match Finished,FT,90,140,La Liga,Spain,2024,Regular Season - 34,542,Alaves,530,Atletico Madrid,0,0,0,0,0,0
1208798,Alejandro Quintero,UTC,2025-05-03T14:15:00+00:00,1746281700,Match Finished,FT,90,140,La Liga,Spain,2024,Regular Season - 34,533,Villarreal,727,Osasuna,4,2,3,0,4,2
1208792,Ricardo De Burgos,UTC,2025-05-03T16:30:00+00:00,1746289800,Match Finished,FT,90,140,La Liga,Spain,2024,Regular Season - 34,534,Las Palmas,532,Valencia,2,3,1,1,2,3
1208795,Alejandro Muñiz,UTC,2025-05-03T19:00:00+00:00,1746298800,Match Finished,FT,90,140,La Liga,Spain,2024,Regular Season - 34,720,Valladolid,529,Barcelona,1,2,1,0,1,2
1208796,Gil Manzano,UTC,2025-05-04T12:00:00+00:00,1746360000,Match Finished,FT,90,140,La Liga,Spain,2024,Regular Season - 34,541,Real Madrid,538,Celta Vigo,3,2,2,0,3,2
1208799,Alejandro Hernández,UTC,2025-05-04T14:15:00+00:00,1746368100,Match Finished,FT,90,140,La Liga,Spain,2024,Regular Season - 34,536,Sevilla,537,Leganes,2,2,1,1,2,2
1212943,Guillermo Cuadra,UTC,2025-05-04T16:30:00+00:00,1746376200,Match Finished,FT,90,140,La Liga,Spain,2024,Regular Season - 34,540,Espanyol,543,Real Betis,1,2,1,0,1,2
1208794,César Soto,UTC,2025-05-04T19:00:00+00:00,1746385200,Match Finished,FT,90,140,La Liga,Spain,2024,Regular Season - 34,548,Real Sociedad,531,Athletic Club,0,0,0,0,0,0
1208791,Mario Melero,UTC,2025-05-05T19:00:00+00:00,1746471600,Match Finished,FT,90,140,La Liga,Spain,2024,Regular Season - 34,547,Girona,798,Mallorca,1,0,1,0,1,0
1208806,Francisco Hernández,UTC,2025-05-09T19:00:00+00:00,1746817200,Match Finished,FT,90,140,La Liga,Spain,2024,Regular Season - 35,534,Las Palmas,728,Rayo Vallecano,0,1,0,0,0,1
1208807,Adrián Cordero,UTC,2025-05-10T12:00:00+00:00,1746878400,Match Finished,FT,90,140,La Liga,Spain,2024,Regular Season - 35,532,Valencia,546,Getafe,3,0,3,0,3,0
1208803,Pablo González,UTC,2025-05-10T14:15:00+00:00,1746886500,Match Finished,FT,90,140,La Liga,Spain,2024,Regular Season - 35,538,Celta Vigo,536,Sevilla,3,2,1,1,3,2
1208804,Isidro Díaz de Mera,UTC,2025-05-10T16:30:00+00:00,1746894600,Match Finished,FT,90,140,La Liga,Spain,2024,Regular Season - 35,547,Girona,533,Villarreal,0,1,0,0,0,1
1208805,Juan Pulido,UTC,2025-05-10T16:30:00+00:00,1746894600,Match Finished,FT,90,140,La Liga,Spain,2024,Regular Season - 35,798,Mallorca,720,Valladolid,2,1,1,1,2,1
1208800,José Sánchez,UTC,2025-05-10T19:00:00+00:00,1746903600,Match Finished,FT,90,140,La Liga,Spain,2024,Regular Season - 35,530,Atletico Madrid,548,Real Sociedad,4,0,4,0,4,0
1212944,Javier Alberola,UTC,2025-05-11T12:00:00+00:00,1746964800,Match Finished,FT,90,140,La Liga,Spain,2024,Regular Season - 35,537,Leganes,540,Espanyol,3,2,2,0,3,2
1208801,Alejandro Hernández,UTC,2025-05-11T14:15:00+00:00,1746972900,Match Finished,FT,90,140,La Liga,Spain,2024,Regular Season - 35,529,Barcelona,541,Real Madrid,4,3,4,2,4,3
1208808,José Munuera,UTC,2025-05-11T16:30:00+00:00,1746981000,Match Finished,FT,90,140,La Liga,Spain,2024,Regular Season - 35,531,Athletic Club,542,Alaves,1,0,0,0,1,0
1208802,Miguel Ortiz,UTC,2025-05-11T19:00:00+00:00,1746990000,Match Finished,FT,90,140,La Liga,Spain,2024,Regular Season - 35,543,Real Betis,727,Osasuna,1,1,0,0,1,1
1208814,Alejandro Quintero,UTC,2025-05-13T17:00:00+00:00,1747155600,Match Finished,FT,90,140,La Liga,Spain,2024,Regular Season - 36,720,Valladolid,547,Girona,0,1,0,0,0,1
1208813,Víctor García,UTC,2025-05-13T18:00:00+00:00,1747159200,Match Finished,FT,90,140,La Liga,Spain,2024,Regular Season - 36,548,Real Sociedad,538,Celta Vigo,0,1,0,1,0,1
1208816,Juan Martínez,UTC,2025-05-13T19:30:00+00:00,1747164600,Match Finished,FT,90,140,La Liga,Spain,2024,Regular Season - 36,536,Sevilla,534,Las Palmas,1,0,0,0,1,0
1208809,Gil Manzano,UTC,2025-05-14T17:00:00+00:00,1747242000,Match Finished,FT,90,140,La Liga,Spain,2024,Regular Season - 36,542,Alaves,532,Valencia,1,0,0,0,1,0
1208817,Ricardo De Burgos,UTC,2025-05-14T17:00:00+00:00,1747242000,Match Finished,FT,90,140,La Liga,Spain,2024,Regular Season - 36,533,Villarreal,537,Leganes,3,0,3,0,3,0
1208815,Javier Alberola,UTC,2025-05-14T19:30:00+00:00,1747251000,Match Finished,FT,90,140,La Liga,Spain,2024,Regular Season - 36,541,Real Madrid,798,Mallorca,2,1,0,1,2,1
1208811,Mario Melero,UTC,2025-05-15T17:00:00+00:00,1747328400,Match Finished,FT,90,140,La Liga,Spain,2024,Regular Season - 36,727,Osasuna,530,Atletico Madrid,2,0,1,0,2,0
1208812,Pablo González,UTC,2025-05-15T17:00:00+00:00,1747328400,Match Finished,FT,90,140,La Liga,Spain,2024,Regular Season - 36,728,Rayo Vallecano,543,Real Betis,2,2,2,0,2,2
1208810,Guillermo Cuadra,UTC,2025-05-15T19:30:00+00:00,1747337400,Match Finished,FT,90,140,La Liga,Spain,2024,Regular Season - 36,546,Getafe,531,Athletic Club,0,2,0,0,0,2
1212945,César Soto,UTC,2025-05-15T19:30:00+00:00,1747337400,Match Finished,FT,90,140,La Liga,Spain,2024,Regular Season - 36,540,Espanyol,529,Barcelona,0,2,0,0,0,2
1208818,Adrián Cordero,UTC,2025-05-18T17:00:00+00:00,1747587600,Match Finished,FT,90,140,La Liga,Spain,2024,Regular Season - 37,530,Atletico Madrid,543,Real Betis,4,1,2,0,4,1
1208819,José Munuera,UTC,2025-05-18T17:00:00+00:00,1747587600,Match Finished,FT,90,140,La Liga,Spain,2024,Regular Season - 37,529,Barcelona,533,Villarreal,2,3,2,1,2,3
1208820,Juan Pulido,UTC,2025-05-18T17:00:00+00:00,1747587600,Match Finished,FT,90,140,La Liga,Spain,2024,Regular Season - 37,538,Celta Vigo,728,Rayo Vallecano,1,2,1,2,1,2
1208821,Alejandro Muñiz,UTC,2025-05-18T17:00:00+00:00,1747587600,Match Finished,FT,90,140,La Liga,Spain,2024,Regular Season - 37,532,Valencia,531,Athletic Club,0,1,0,0,0,1
1208822,Alejandro Hernández,UTC,2025-05-18T17:00:00+00:00,1747587600,Match Finished,FT,90,140,La Liga,Spain,2024,Regular Season - 37,798,Mallorca,546,Getafe,1,2,0,0,1,2
1208823,Miguel Ortiz,UTC,2025-05-18T17:00:00+00:00,1747587600,Match Finished,FT,90,140,La Liga,Spain,2024,Regular Season - 37,548,Real Sociedad,547,Girona,3,2,2,1,3,2
1208824,Mateo Busquets,UTC,2025-05-18T17:00:00+00:00,1747587600,Match Finished,FT,90,140,La Liga,Spain,2024,Regular Season - 37,536,Sevilla,541,Real Madrid,0,2,0,0,0,2
1208825,Isidro Díaz de Mera,UTC,2025-05-18T17:00:00+00:00,1747587600,Match Finished,FT,90,140,La Liga,Spain,2024,Regular Season - 37,720,Valladolid,542,Alaves,0,1,0,1,0,1
1208826,José Sánchez,UTC,2025-05-18T17:00:00+00:00,1747587600,Match Finished,FT,90,140,La Liga,Spain,2024,Regular Season - 37,534,Las Palmas,537,Leganes,0,1,0,1,0,1
1212946,Francisco Hernández,UTC,2025-05-18T17:00:00+00:00,1747587600,Match Finished,FT,90,140,La Liga,Spain,2024,Regular Season - 37,727,Osasuna,540,Espanyol,2,0,1,0,2,0
1208828,Víctor García,UTC,2025-05-23T19:00:00+00:00,1748026800,Match Finished,FT,90,140,La Liga,Spain,2024,Regular Season - 38,543,Real Betis,532,Valencia,1,1,1,0,1,1
1208829,Mario Melero,UTC,2025-05-24T14:15:00+00:00,1748096100,Match Finished,FT,90,140,La Liga,Spain,2024,Regular Season - 38,541,Real Madrid,548,Real Sociedad,2,0,1,0,2,0
1208831,César Soto,UTC,2025-05-24T16:30:00+00:00,1748104200,Match Finished,FT,90,140,La Liga,Spain,2024,Regular Season - 38,537,Leganes,720,Valladolid,3,0,3,0,3,0
1212947,Alejandro Muñiz,UTC,2025-05-24T16:30:00+00:00,1748104200,Match Finished,FT,90,140,La Liga,Spain,2024,Regular Season - 38,540,Espanyol,534,Las Palmas,2,0,0,0,2,0
1208830,Guillermo Cuadra,UTC,2025-05-24T19:00:00+00:00,1748113200,Match Finished,FT,90,140,La Liga,Spain,2024,Regular Season - 38,542,Alaves,727,Osasuna,1,1,0,0,1,1
1208833,Juan Martínez,UTC,2025-05-24T19:00:00+00:00,1748113200,Match Finished,FT,90,140,La Liga,Spain,2024,Regular Season - 38,546,Getafe,538,Celta Vigo,1,2,1,1,1,2
1208834,Ricardo De Burgos,UTC,2025-05-24T19:00:00+00:00,1748113200,Match Finished,FT,90,140,La Liga,Spain,2024,Regular Season - 38,728,Rayo Vallecano,798,Mallorca,0,0,0,0,0,0
1208832,Gil Manzano,UTC,2025-05-25T12:00:00+00:00,1748174400,Match Finished,FT,90,140,La Liga,Spain,2024,Regular Season - 38,547,Girona,530,Atletico Madrid,0,4,0,0,0,4
1208835,Javier Alberola,UTC,2025-05-25T14:15:00+00:00,1748182500,Match Finished,FT,90,140,La Liga,Spain,2024,Regular Season - 38,533,Villarreal,536,Sevilla,4,2,3,1,4,2
1208827,Pablo González,UTC,2025-05-25T19:00:00+00:00,1748199600,Match Finished,FT,90,140,La Liga,Spain,2024,Regular Season - 38,531,Athletic Club,529,Barcelona,0,3,0,2,0,3
